{"nodes":{"1":{"location":{"x":349,"y":90},"size":{"x":107,"y":62}}},"selection":[],"view":{"scroll":{"x":138.18199157714844,"y":-155.48521423339844},"zoom":1.25}}